3.018519799811902535e-02,1.302589650568588275e-01,2.412754410671813510e-01,3.018519799811902535e-02,1.305279273554844910e-01,3.018519799811902535e-02,2.901229678561399350e+00,1.624847644730248897e+00,2.075356793724841276e-01,1.271672863841704082e+00,1.177313216134985074e+00,3.446249714992228874e+00,1.408652686092141670e-01,2.150080551613160196e-01,3.018519799811902535e-02,9.186965895842864605e-01
2.640198651568810909e-02,1.186711738072487032e-01,1.483666169927288780e-01,2.640198651568810909e-02,4.831988260369987631e-01,2.640198651568810909e-02,4.140908860201525932e-01,1.969759485063241833e+00,2.359766282624078670e-01,5.085019717298219222e-01,1.363261741036134733e+00,1.574251374117195068e+00,5.331093018907432368e-01,2.675321891892578630e-01,2.640198651568810909e-02,3.747410549652750333e+00
2.413957238662020263e-02,2.337427864088298390e-01,2.806334143318165997e-01,2.413957238662020263e-02,2.951529689110186649e-01,2.413957238662020263e-02,4.737712862526139435e-01,1.719526366879441159e+00,1.866878439388663657e-01,3.936419559302351545e-01,1.193952382287267078e+00,1.417502855158732977e+00,3.538020967960385232e-01,2.232429012568361293e-01,2.413957238662020263e-02,3.138557292745352445e+00
2.090384795139996546e-02,6.363895325340251929e-01,4.734381156020366910e-01,2.090384795139996546e-02,2.672924717342919365e-01,2.090384795139996546e-02,6.457455263927126543e-01,1.719054445269299736e+00,1.045565092170939459e-01,3.688920806034280964e-01,1.169440928477592401e+00,1.114458404396767577e+00,3.304916280671799655e-01,1.453884108683450027e-01,2.090384795139996546e-02,2.768386832365981931e+00
2.199979245596347249e-02,7.189315239898430576e-01,1.913248646471524372e+00,2.199979245596347249e-02,4.860634578110138021e-02,2.199979245596347249e-02,1.438565865019275636e+00,2.013099628841167110e+00,1.238471172470917980e-01,2.129846830524647627e-01,1.365982928465729662e+00,1.266037788126542107e+00,1.198195965456625711e-01,1.781466657074730342e-01,2.199979245596347249e-02,9.700356152749759486e-01
2.288608734013573842e-02,6.869249791710169140e-01,2.165439901614525819e+00,2.288608734013573842e-02,4.383084002103439236e-02,2.288608734013573842e-02,1.524271045189525386e+00,2.296980173004211423e+00,1.470564333465779194e-01,2.079616644413785909e-01,1.565038170512071503e+00,1.270365031505285680e+00,1.208224603220448973e-01,2.091068933913802219e-01,2.288608734013573842e-02,1.076068135407592941e+00
2.102485265029536629e-02,7.641227305684459292e-01,1.781032116667976783e+00,2.102485265029536629e-02,6.131410989506882320e-02,2.102485265029536629e-02,1.539813445455842977e+00,1.940624209734100880e+00,1.105035090497937245e-01,2.690523229592980958e-01,1.322211786475117945e+00,1.439593077555688438e+00,1.218985046366318492e-01,1.565795306601868719e-01,2.102485265029536629e-02,9.426535680489180891e-01
1.994373547340759500e-02,1.281119964336066563e-01,2.233068375933984218e+00,1.994373547340759500e-02,4.644811645527633509e-02,1.994373547340759500e-02,1.330630736371532619e+00,2.627988598287331889e+00,1.701419778098508251e-01,1.821702490019196929e-01,1.846583172318394084e+00,8.768126445909312228e-01,8.949642885729419683e-02,2.393103455588467265e-01,1.994373547340759500e-02,1.095716807270038728e+00
1.891435708373693375e-02,1.894733080165965367e-01,3.323179488076583032e-01,1.891435708373693375e-02,6.968282185299240483e-02,1.891435708373693375e-02,1.840097632008883100e+00,1.065805570089439769e+00,1.202378499126851297e-01,7.948017632469024374e-01,7.721582844981055294e-01,2.163584259495070050e+00,7.972705177542642463e-02,1.311996519199763456e-01,1.891435708373693375e-02,6.193131850067592481e-01
1.781663784861771752e-02,2.054487171340572682e-01,1.982053042051368508e-01,1.781663784861771752e-02,2.710966148519938224e-01,1.781663784861771752e-02,4.192028642757414381e-01,1.328130571066871157e+00,1.373467492418521119e-01,3.624676246803547608e-01,9.200306593698747148e-01,1.207028649813890020e+00,3.252352961213515470e-01,1.694105337128788413e-01,1.781663784861771752e-02,2.464017168222547571e+00
2.031156649847113901e-02,6.037067594376662738e-01,5.810059627036179286e-01,2.031156649847113901e-02,2.156533993342575617e-01,2.031156649847113901e-02,5.180447242921196738e-01,2.060419072884228431e+00,1.302709770824826974e-01,3.123146254860361126e-01,1.450404239099929438e+00,1.130707899609545652e+00,2.560460437030120939e-01,1.824928577260803153e-01,2.031156649847113901e-02,3.453459576199093828e+00
1.875024914581849278e-02,1.079038125656822444e+00,1.471805451911148976e+00,1.875024914581849278e-02,3.711260339820899451e-02,1.875024914581849278e-02,1.537215220618343370e+00,1.056092023681423520e+00,8.754797416104173613e-02,5.907253687961244726e-01,8.025360650145878516e-01,1.403210879615304885e+00,3.994694981368576703e-02,1.206381341960992420e-01,1.875024914581849278e-02,5.600667366061379271e-01
2.222021697776317348e-02,1.143102537063238611e+00,1.995594341762069623e+00,2.222021697776317348e-02,5.644727841375628274e-02,2.222021697776317348e-02,1.901619048012598512e+00,1.132144467185060455e+00,1.233280374793700868e-01,7.578700948072719656e-01,8.187972913971359734e-01,1.957969350160687183e+00,6.584116516345532577e-02,1.396240792684284859e-01,2.222021697776317348e-02,4.645486312424349507e-01
2.038557421908534367e-02,1.411403516080693699e+00,8.072960493023458861e-01,2.038557421908534367e-02,2.499908896531898017e-01,2.038557421908534367e-02,1.159185811475420325e+00,1.245232706695495128e+00,9.933550033388773015e-02,4.372717004460545120e-01,8.517710618371852060e-01,9.741709838791892118e-01,2.989728646957172109e-01,1.287086851712116453e-01,2.038557421908534367e-02,1.430722751175554919e+00
2.214390670794808350e-02,1.215830981380018772e+00,4.487112193909550406e+00,2.214390670794808350e-02,8.662679490878365252e-02,2.214390670794808350e-02,2.021415243359719671e+00,3.445123649662430676e+00,1.181354468874154934e-01,1.753746237720205381e-01,2.356421003466693698e+00,6.728592702168204598e-01,1.293833699546109439e-01,1.625875260920383591e-01,2.214390670794808350e-02,5.865400887165554966e-01
2.280596368303358656e-02,6.853855564240223686e+00,2.199604268581144773e+00,2.280596368303358656e-02,6.993286930703707105e-02,2.280596368303358656e-02,2.989894936524606361e+00,8.468233932943137754e-01,2.613191475747974057e-01,4.190759946333699193e-01,7.739805622404104524e-01,8.231094711525293040e-01,6.509059142255711750e-02,3.436866881133058271e-01,2.280596368303358656e-02,6.083596295108629759e-01
1.353905783887910524e-02,6.077162874020299865e-01,1.794760473061180139e+00,1.353905783887910524e-02,2.514374814050667276e-02,1.353905783887910524e-02,1.272020602914323284e+00,1.859064401051384596e+00,8.573769113535449626e-02,1.638637192557942102e-01,1.264129318577266403e+00,9.404956593204807369e-01,6.703996741896543765e-02,1.222540669645164890e-01,1.353905783887910524e-02,7.525252373152795382e-01
1.354985593619580098e-02,7.261536702424623568e-01,1.719089621510482058e+00,1.354985593619580098e-02,3.715184642571139201e-02,1.354985593619580098e-02,1.377214401962830959e+00,1.775758591866904545e+00,6.934891832233794351e-02,2.130140165459052659e-01,1.209480285584362935e+00,1.100039270634342259e+00,7.175062390957238911e-02,9.885786832300121063e-02,1.354985593619580098e-02,7.162729436134089855e-01
1.239540705910299398e-02,4.355267863777642079e-01,1.967009915395097064e+00,1.239540705910299398e-02,2.745476765599789634e-02,1.239540705910299398e-02,1.201408893424098290e+00,2.074813569932580037e+00,9.934413919054672915e-02,1.607270083210267098e-01,1.462113741951374779e+00,7.056297670271638456e-01,4.743767502131616964e-02,1.448581523338383359e-01,1.239540705910299398e-02,7.668658973344025798e-01
1.188421896015943308e-02,7.282174652431132600e-01,1.122838160526116402e+00,1.188421896015943308e-02,2.269208469798724565e-02,1.188421896015943308e-02,1.499596731512165215e+00,1.009073323030922564e+00,7.658488410456183726e-02,6.183230886521532410e-01,7.939179646992389205e-01,1.431086250715130737e+00,2.778406101063987318e-02,1.104292743433438750e-01,1.188421896015943308e-02,4.951654535132731794e-01
1.343742599791481439e-02,8.071041775722025413e-01,1.160667027012719732e+00,1.343742599791481439e-02,2.970398582767222809e-02,1.343742599791481439e-02,1.704858514022262517e+00,1.085662238125792545e+00,7.275470628053178068e-02,6.917135681623510779e-01,8.367394243202701531e-01,1.626286649640107163e+00,3.583647271527370948e-02,1.056726612481841410e-01,1.343742599791481439e-02,4.933666825968303637e-01
1.308908258641840704e-02,7.165194505629662869e-01,1.202907569687479139e+00,1.308908258641840704e-02,1.744721575238873668e-02,1.308908258641840704e-02,1.449026450553973611e+00,1.084523287138525971e+00,8.605681578689151900e-02,5.618904379963678419e-01,8.124819450685115685e-01,1.364630860431906179e+00,2.051341126109194196e-02,1.218581689089576203e-01,1.308908258641840704e-02,5.486884816155079836e-01
1.388429358537554038e-02,7.986167084435867869e-01,9.775792046672667768e-01,1.388429358537554038e-02,4.297863880667788378e-02,1.388429358537554038e-02,1.895822994998193067e+00,1.010215291805091287e+00,4.709033946514360608e-02,7.212184723626507976e-01,7.055694888231741624e-01,1.758499458924728698e+00,5.628286264335677358e-02,6.076621766372089506e-02,1.388429358537554038e-02,2.412942974262575480e-01
1.432564647249704587e-02,6.453609752967125468e-01,1.445627907926479772e+00,1.432564647249704587e-02,5.797592317280288177e-02,1.432564647249704587e-02,1.063749340116137088e+00,1.364233131691531486e+00,1.240836459752329701e-01,1.763135523584026532e-01,9.350351950869401074e-01,6.759843241032645889e-01,1.281531992781994589e-01,1.747896173598407488e-01,1.432564647249704587e-02,4.081194851425144488e-01
1.510000209254364588e-02,8.701321747226237191e-01,1.908233168714871475e+00,1.510000209254364588e-02,6.509579592669320625e-02,1.510000209254364588e-02,1.099901595848095548e+00,1.636786131315549842e+00,1.746939950538654029e-01,1.766814587303703332e-01,1.192207010924856370e+00,4.696402363094752674e-01,1.219094799690350339e-01,2.428751162958198706e-01,1.510000209254364588e-02,4.998125326535747814e-01
1.386656395272166387e-02,1.689511849470388238e+00,2.074671246252645762e+00,1.386656395272166387e-02,8.687603778088366646e-02,1.386656395272166387e-02,1.175057362228380198e+00,5.410643131008882056e-01,1.650887083076252593e-01,6.268319847545994472e-01,6.844933222302798104e-01,8.983529061713382280e-01,9.520744775397690929e-02,2.013811542598220594e-01,1.386656395272166387e-02,3.062724982669607909e-01
1.815240596061084774e-02,1.982135354947026196e+00,3.442831369408309250e+00,1.815240596061084774e-02,3.345967943578765369e-01,1.815240596061084774e-02,1.378045029945492272e+00,5.254856343791449724e-01,2.717491158886188307e-01,1.113184712609271987e+00,8.951779303563465184e-01,1.209599516849743539e+00,3.744744938281944768e-01,3.199756460970376026e-01,1.815240596061084774e-02,1.732821351262021359e-01
1.786601221345824816e-02,2.755331343141067091e+00,1.274616561526594083e+00,1.786601221345824816e-02,4.386873958769154647e-01,1.786601221345824816e-02,1.253579846665963116e+00,4.360505328313361018e-01,9.194462792890425451e-01,9.674531238507553255e-01,1.064026985081014010e+00,4.527117495565005090e-01,4.117280358838966148e-01,1.178229346109069153e+00,1.786601221345824816e-02,3.210059013679967266e-01
1.599046418331710046e-02,2.264985026645945254e+00,1.020036542810030422e+00,1.599046418331710046e-02,1.493011218648725158e-01,1.599046418331710046e-02,1.294944354572588496e+00,9.348078774392171164e-01,9.657062548630488408e-01,8.360041846448984515e-01,1.472298562271799449e+00,6.768678367710233568e-01,9.349700803793792314e-02,1.290704142922853404e+00,1.599046418331710046e-02,8.838682500867030001e-01
1.366593016168320650e-02,4.027202654653221359e-01,8.497796864383972970e-01,1.366593016168320650e-02,1.172454787963561618e-01,1.366593016168320650e-02,2.071512176132981775e+00,1.602003497461357950e+00,1.935617105678280603e-01,9.500956057038437708e-01,1.271200884541706877e+00,2.120703838087472093e+00,1.208303933830948279e-01,2.454315087209145985e-01,1.366593016168320650e-02,9.594385116873762609e-01
1.573105856093157812e-02,4.259787284051494427e-01,7.032165332387956269e-01,1.573105856093157812e-02,2.398086605756368228e-01,1.573105856093157812e-02,2.780254562674091989e+00,1.576811127787779876e+00,3.618073380349549062e-01,1.314901836843786587e+00,1.218437287376677336e+00,3.226471588466378826e+00,2.627946968386935533e-01,3.761058781035974130e-01,1.573105856093157812e-02,8.994156219241959960e-01
1.486270944740553622e-02,4.650907428670634780e-01,4.437938457030051742e-01,1.486270944740553622e-02,8.978682153102344188e-01,1.486270944740553622e-02,6.749629919409700918e-01,1.964627707765274733e+00,4.835682699123056705e-01,9.146584021218790994e-01,1.417671936859354664e+00,1.759913072696015490e+00,1.029506823673488558e+00,5.534815584397433375e-01,1.486270944740553622e-02,3.582450005557882733e+00
1.177763131579144355e-02,1.075261291621330217e+00,8.829067346667527350e-01,1.177763131579144355e-02,6.425702626332403522e-01,1.177763131579144355e-02,6.812528084691237273e-01,2.078455992791355289e+00,2.946832796706218005e-01,6.844623222549658381e-01,1.542007955862659596e+00,1.144240741775536918e+00,7.183161978247953883e-01,3.824104952752181430e-01,1.177763131579144355e-02,3.446693028562739514e+00
9.526415192349002928e-03,1.806155515684584101e+00,2.266374328113086811e+00,9.526415192349002928e-03,8.978549742137678646e-02,9.526415192349002928e-03,1.524063365708362650e+00,7.799299155155484664e-01,2.288233831690751618e-01,8.432712526457721847e-01,9.766093428322577541e-01,1.227614626032173639e+00,1.002129095510897461e-01,2.827817840738916511e-01,9.526415192349002928e-03,4.752968794280554299e-01
1.099638543069424851e-02,1.845514645339981330e+00,3.285517260813108464e+00,1.099638543069424851e-02,4.081575838145383162e-01,1.099638543069424851e-02,1.789179125601174425e+00,6.183227763566693236e-01,2.218350349698318957e-01,1.453017455756369092e+00,1.076736068655793632e+00,1.673420747170994760e+00,4.486852190863121481e-01,2.767987822861256442e-01,1.099638543069424851e-02,1.642845346016070796e-01
1.011090253877066324e-02,2.468470849958500413e+00,9.830033684659869042e-01,1.011090253877066324e-02,1.826586166058160599e-01,1.011090253877066324e-02,1.110147963419584771e+00,6.039478777298434853e-01,1.127118886977447332e+00,8.073281401529212031e-01,1.339945135856402514e+00,3.293619241756234883e-01,7.690960792489141828e-02,1.412894336895873071e+00,1.011090253877066324e-02,5.707465290878387387e-01
8.571115009840429497e-03,5.537563953104212011e-01,9.143961413436682006e-01,8.571115009840429497e-03,2.094184607353405669e-01,8.571115009840429497e-03,1.453994374362282738e+00,5.613912132445015857e-01,1.173975960214197617e-01,1.021755565389136367e+00,7.699999830625694486e-01,1.465139794424987540e+00,2.512663178021942723e-01,1.644508548782934176e-01,8.571115009840429497e-03,1.872863577514888855e-01
1.040239740662133802e-02,8.498079494203782946e-01,6.130565979899295082e-01,1.040239740662133802e-02,5.770375261205656220e-02,1.040239740662133802e-02,6.808389925808580045e-01,8.822992232436285276e-01,7.798311576094949515e-01,6.579152394323091180e-01,1.320546202198051633e+00,4.894675794230092802e-01,3.526199499582549635e-02,1.108483052776854771e+00,1.040239740662133802e-02,8.833981752824758837e-01
1.314010431296452723e-02,3.058290431370939144e-01,4.683010738161582642e-01,1.314010431296452723e-02,6.608517940573085947e-02,1.314010431296452723e-02,2.895123865029241905e+00,1.516135466101197204e+00,1.121329615833362298e-01,1.229700795380825884e+00,1.097124658658724439e+00,3.312452579584286738e+00,8.040550188491439598e-02,1.260534140479584453e-01,1.314010431296452723e-02,6.988302201717448980e-01
1.624363977006005808e-02,3.963809500377013517e-01,4.877777274529896956e-01,1.624363977006005808e-02,3.204958600215998543e-01,1.624363977006005808e-02,5.996206462897255562e-01,2.733798308266320198e+00,1.751688733444836388e-01,4.605292614732823253e-01,1.925467157687678954e+00,1.546013569881880656e+00,3.871365901599108650e-01,2.524898292090614893e-01,1.624363977006005808e-02,4.614515205287860411e+00
1.151276264108804133e-02,3.067510564371892512e-01,8.012404315244392450e-01,1.151276264108804133e-02,1.597412629486090474e-02,1.151276264108804133e-02,1.453347198718008881e+00,1.188681906121139553e+00,1.008371193819045247e-01,6.000798174573697130e-01,9.042940936805184959e-01,1.437467328424236079e+00,1.847461899123717388e-02,1.428299036631175134e-01,1.151276264108804133e-02,6.329300222340320525e-01
1.524635140930197773e-02,5.394706284977519584e-01,3.253964622398293205e-01,1.524635140930197773e-02,6.373490651994950795e-02,1.524635140930197773e-02,2.692774198087175108e+00,1.309388956840770390e+00,5.017419598072626191e-02,1.071588810861035856e+00,9.332942356322611044e-01,2.562935903840973584e+00,7.896997152609820658e-02,6.325292875181305619e-02,1.524635140930197773e-02,2.256216327888512507e-01
1.406436092020219540e-02,3.649099910278688630e-02,1.491289386264862182e+00,1.406436092020219540e-02,5.798018060749471347e-02,1.406436092020219540e-02,8.749791670852742342e-01,1.768294760313328773e+00,1.692355374248001310e-01,1.395759067333328940e-01,1.251720406214531955e+00,4.852211075240187577e-01,1.094333706137948226e-01,2.313461268473317733e-01,1.406436092020219540e-02,6.607413538043508394e-01
1.386203116388960016e-02,6.921292165197330537e-02,9.509064443899742369e-02,1.386203116388960016e-02,1.001053594939875918e-01,1.386203116388960016e-02,1.295673565149216389e+00,6.650478268821535810e-01,1.535551548326015980e-01,6.138610090514516893e-01,5.224977381161741707e-01,1.490611689758684522e+00,1.049465512971217845e-01,1.532510608310920230e-01,1.386203116388960016e-02,3.111432045313157757e-01
1.958769099539948988e-02,7.072329422956952216e-02,1.818625432307051093e-01,1.958769099539948988e-02,6.257497278560681941e-01,1.958769099539948988e-02,2.538024028398683241e-01,1.382202348945536619e+00,2.856047608360611778e-01,5.485836568466120333e-01,1.016650946823138835e+00,7.818851899793780591e-01,6.456555504781835708e-01,3.184070236983049806e-01,1.958769099539948988e-02,2.368205925418620517e+00
2.079120019342391851e-02,3.470807101092771019e-02,2.259126170418242763e-01,2.079120019342391851e-02,2.960161350807621883e-01,2.079120019342391851e-02,1.058814138304587482e+00,7.467408371807441325e-01,2.859445646953012732e-01,7.514139793588486826e-01,7.588286894224023360e-01,1.105337730366525273e+00,2.934195638220301605e-01,3.049951041608419122e-01,2.079120019342391851e-02,4.719624309849941302e-01
3.208401824613864306e-02,4.343778902907829975e-02,9.135852368681637858e-02,3.208401824613864306e-02,8.746490812051184172e-01,3.208401824613864306e-02,1.829118083126772820e+00,9.225990392092052739e-01,1.208832744225129874e+00,1.457614162522298251e+00,1.056649135330861133e+00,2.143884732280378458e+00,8.978911654607203419e-01,1.172168523111891236e+00,3.208401824613864306e-02,5.283434263592966529e-01
2.906473545318597959e-02,3.459785780267284755e-02,6.242266723288779351e-02,2.906473545318597959e-02,3.237390238407083842e+00,2.906473545318597959e-02,2.438610588083323927e-01,1.153401636387241469e+00,1.666714272469642655e+00,2.375816048092914468e+00,1.030733225155102906e+00,9.428418961758439076e-01,3.403085443722821513e+00,1.715459645691405299e+00,2.906473545318597959e-02,2.211424921894102447e+00
3.057742049735698991e-02,7.862790863573616840e-02,9.408838619170309392e-02,3.057742049735698991e-02,3.170009287610701332e+00,3.057742049735698991e-02,2.847746378449997895e-01,1.133827635688721136e+00,1.407268162083445961e+00,2.426251036815624040e+00,9.636864275157364101e-01,9.617506283048363747e-01,3.454260335168076956e+00,1.542606367923116562e+00,3.057742049735698991e-02,2.152474411754683015e+00
2.780735773908754593e-02,1.667698884352313282e-01,1.817602370458111238e-01,2.780735773908754593e-02,1.796236880062667796e+00,2.780735773908754593e-02,2.771296955498503967e-01,1.068691423008374386e+00,1.222827488022479869e+00,1.578794409967202883e+00,9.696048023045048536e-01,8.047108160392327791e-01,2.203073552829400317e+00,1.424571512272007290e+00,2.780735773908754593e-02,1.936571362562064635e+00
2.969818035906468534e-02,4.326440675928482915e-01,4.484320294100768156e-01,2.969818035906468534e-02,2.609067756276785666e+00,2.969818035906468534e-02,5.563863254831545868e-01,1.028038286174481009e+00,7.632368517455321300e-01,2.427919923362752641e+00,8.809937567599166464e-01,8.661558735683483334e-01,3.199547036921067011e+00,1.109006572440569327e+00,2.969818035906468534e-02,1.600795584633073920e+00
3.089863595586718470e-02,1.287568183678897693e+00,1.084771529654433797e+00,3.089863595586718470e-02,3.975092834174377004e-02,3.089863595586718470e-02,1.086036581083580144e+00,1.414456843310350598e+00,1.210424573887586730e+00,1.030533916792196747e+00,2.113211321680687149e+00,6.988134841361811622e-01,1.956397837319543212e-02,1.760391096770735464e+00,3.089863595586718470e-02,1.252006377795704672e+00
1.990040563047187558e-02,5.434664306664137579e-01,3.507976662665407419e-01,1.990040563047187558e-02,3.155232722655678529e-02,1.990040563047187558e-02,2.595316666336100475e+00,1.264098395469148928e+00,2.478894112021742119e-02,1.004210470185636028e+00,8.913312287198761341e-01,2.466304758007353826e+00,3.962556487079460510e-02,3.414995376932723065e-02,1.990040563047187558e-02,2.142852888325525174e-01
1.881918316929754101e-02,6.513978748523722995e-02,1.492064705406155545e+00,1.881918316929754101e-02,1.517790990208580347e-02,1.881918316929754101e-02,8.713531341758131710e-01,1.751103098962047522e+00,8.944938594744393512e-02,1.053393170028958520e-01,1.229406187161121489e+00,4.711473104306610482e-01,3.216557409184771232e-02,1.286718356263434893e-01,1.881918316929754101e-02,6.484458731814509713e-01
1.973426582364042059e-02,1.276701574936091321e-01,1.815424894116003940e-01,1.973426582364042059e-02,2.835123592181762811e-02,1.973426582364042059e-02,1.365772961843372713e+00,7.047873357920514392e-01,4.264948998340348935e-02,5.798133115759895873e-01,5.095121979243631971e-01,1.563761069870928333e+00,3.417323768187632144e-02,4.855433384593559054e-02,1.973426582364042059e-02,3.206660839662580642e-01
2.586837001703441372e-02,1.584166971519749278e-01,2.457537008607810769e-01,2.586837001703441372e-02,1.226712278861537414e-01,2.586837001703441372e-02,2.555330377909353357e-01,1.367179339756204870e+00,8.546906059361572550e-02,1.901129260524341835e-01,9.680620223946546643e-01,7.334645143179127080e-01,1.472370394957283890e-01,1.208841845492665823e-01,2.586837001703441372e-02,2.320396766598947114e+00
2.888858374034322662e-02,3.162111810669069323e-01,4.737982853350155565e-01,2.888858374034322662e-02,3.047271299843918799e-02,2.888858374034322662e-02,1.162178550801577837e+00,7.346872834043850498e-01,6.006949254406748068e-02,5.136169673061647956e-01,5.951991924902659825e-01,1.144712754928064236e+00,3.536900983136808535e-02,8.421435306833799372e-02,2.888858374034322662e-02,3.394228844962328684e-01
4.335088483770278139e-02,3.660300617215939134e-01,8.423033250216288570e-01,4.335088483770278139e-02,4.388835490547979973e-02,4.335088483770278139e-02,1.460342875642131499e+00,1.140502300818137638e+00,1.319281183849957961e-01,6.530308185600625093e-01,9.184073603067818281e-01,1.438454892103515625e+00,4.921304692627714167e-02,1.751876324689117803e-01,4.335088483770278139e-02,6.130044810669548205e-01
3.899231190605276925e-02,4.033479494853794423e-01,3.229809831248406926e-01,3.899231190605276925e-02,1.129407980561033809e-01,3.899231190605276925e-02,1.750178187434285659e+00,8.534571582049771399e-01,9.512649987261966034e-02,7.917251944911924966e-01,6.720588028380700685e-01,1.674185678437490443e+00,1.364626063824286306e-01,1.132989599383384949e-01,3.899231190605276925e-02,1.954066665501331124e-01
4.295137408603319495e-02,1.270722546494706950e-01,1.166066222475304892e+00,4.295137408603319495e-02,1.695046622001467329e-01,4.295137408603319495e-02,7.510528142259955686e-01,1.310691222562985203e+00,3.463993896294874086e-01,2.747194273669492648e-01,1.024242139874055324e+00,5.372306858516657790e-01,2.783368199730841819e-01,4.539213215998362805e-01,4.295137408603319495e-02,5.416668958154841063e-01
4.750923957048511920e-02,1.755155260371163151e-01,3.953610087567202558e-01,4.750923957048511920e-02,3.240233980219699994e-01,4.750923957048511920e-02,1.098298355518458891e+00,5.643755043377105540e-01,5.049065467901993065e-01,1.045436031173000657e+00,1.062498900738234830e+00,1.090834233069992720e+00,2.634241249244341221e-01,4.973155959111856816e-01,4.750923957048511920e-02,4.465713180611913802e-01
6.951679331391989736e-02,2.140595770616846028e-01,4.279551907624558615e-01,6.951679331391989736e-02,1.973624908037764580e+00,6.951679331391989736e-02,1.903248051036007249e+00,3.669237677811858500e-01,9.882179128952888192e-01,2.716275744344781806e+00,1.520332313326918872e+00,1.973827335754250178e+00,1.495118398720427733e+00,6.732806589049450396e-01,6.951679331391989736e-02,2.726297511057254042e-01
6.634135673493127272e-02,2.983296328823036858e-01,1.163031873795053045e-01,6.634135673493127272e-02,2.582425555969497744e+00,6.634135673493127272e-02,4.060831950274255142e-01,3.158712867551923820e-01,5.240244525738214421e+00,1.722124030202650591e+00,2.056563306937817970e+00,6.768871010500914220e-01,6.066176979833927119e-01,3.374092484825462535e+00,6.634135673493127272e-02,5.446563351972630862e-01
5.604981659831526769e-02,3.535385548099759245e-02,1.112595642470255858e-01,5.604981659831526769e-02,3.333511078848616638e+00,5.604981659831526769e-02,1.893693217687476560e-01,1.304056034101955808e+00,9.845233204147160189e-01,2.075680026149007595e+00,9.915451078685565411e-01,8.265410862679340998e-01,2.903441281082717929e+00,7.669625672425175456e-01,5.604981659831526769e-02,2.445882567929330786e+00
5.586053475684103070e-02,1.635413440338967239e-01,6.922236553840080409e-02,5.586053475684103070e-02,6.337492569957119404e-01,5.586053475684103070e-02,4.948714575785451153e-01,4.395429415169905263e-01,1.460515078381050547e+00,6.942213007796885771e-01,8.894231259497237252e-01,1.058311902556660522e+00,2.030617513555247333e-01,1.108584329052652473e+00,5.586053475684103070e-02,8.375511309753845834e-01
6.470879167298998480e-02,7.453575506738240042e-02,8.191217897378183510e-02,6.470879167298998480e-02,1.115537724961486177e+00,6.470879167298998480e-02,1.399411439140589020e-01,2.804429042731987121e+00,3.419794555148312765e-01,9.229152011426122737e-01,1.891529574527007984e+00,1.640132684375530836e+00,1.335525982442134607e+00,4.604234564386976980e-01,6.470879167298998480e-02,5.567199932657189265e+00
9.722020942051488868e-02,5.272973564839113225e-02,3.367691303198525610e-01,9.722020942051488868e-02,1.230798842026560452e-01,9.722020942051488868e-02,5.480546741516384435e-01,6.947797803797858274e-01,7.438246218370840879e-01,2.596137101826874183e-01,5.285159845604125994e-01,3.634087180469573575e+00,5.290930310819756954e-01,1.009927440114502639e+00,9.722020942051488868e-02,2.799424299882554035e+00
1.059837511942487293e-01,1.979231598950313420e-01,1.301531313325750561e-01,1.059837511942487293e-01,7.028400953017839292e-01,1.059837511942487293e-01,2.902195820871922849e-01,2.356027136266005684e+00,2.435851226679932313e-01,6.521910771951576757e-01,1.591325873907141197e+00,1.524249550233030659e+00,8.663174500163973724e-01,3.292168457561343020e-01,1.059837511942487293e-01,4.578585317827894130e+00
2.108267049284177352e-01,1.939988002820182966e-01,1.181862476899287362e+00,2.108267049284177352e-01,2.954063540514216268e-01,2.108267049284177352e-01,8.332281403385413121e-01,2.130592450423711703e+00,6.136082092279033784e-01,3.440182471775209416e-01,1.474954646744851550e+00,3.913330675587356478e+00,6.817728174150001763e-01,8.763633342859186159e-01,2.108267049284177352e-01,4.275331659256007555e+00
2.433467429060122977e-01,1.559674332935901686e-01,6.607679306513325468e-01,2.433467429060122977e-01,2.305718930011562695e-01,2.433467429060122977e-01,1.148525576115080993e+00,1.329150019975404717e+00,1.007897059328857869e+00,5.073979972862550092e-01,9.967632909501782379e-01,6.665974240395148520e+00,7.351456834916928473e-01,1.337445142890956395e+00,2.433467429060122977e-01,5.003018197936776268e+00
2.044978412460386197e-01,4.794850457283652417e-02,3.976007913939633154e-01,2.044978412460386197e-01,8.460455753897087039e-01,2.044978412460386197e-01,4.605360034104872824e-01,3.655888592518412139e+00,3.939961759230918847e-01,7.669119792656641232e-01,2.577166314427302041e+00,1.929296792082567436e+00,8.617280580164552450e-01,4.511051344694197440e-01,2.044978412460386197e-01,6.405250486142627153e+00
3.549087518422501808e-01,9.126252351121125206e-02,2.372321006617819916e-01,3.549087518422501808e-01,4.743529874157551007e-01,3.549087518422501808e-01,4.102880907667091570e+00,2.339736940401003995e+00,6.385603694511836625e-01,2.066976073571402228e+00,1.838992996786765532e+00,4.911789183364739131e+00,5.167195473380341575e-01,6.598352217462783997e-01,3.549087518422501808e-01,1.424881645904508609e+00
1.832114176245620285e-01,4.736599110932242923e-02,6.433341661153110791e-02,1.832114176245620285e-01,8.561112865591639087e-01,1.832114176245620285e-01,4.016728346385983195e-01,1.610055057163356729e+00,5.511942497709303446e-01,8.210829477303585033e-01,1.174317264069934863e+00,1.512020613741780428e+00,9.997700103033112518e-01,6.160556123270680695e-01,1.832114176245620285e-01,3.146343751005171274e+00
2.919411933138461590e-01,2.324060089366024595e-01,1.777613220209745826e-01,2.919411933138461590e-01,1.774671050951986961e+00,2.919411933138461590e-01,3.194203428526843913e-01,3.328993499619905094e+00,5.456297663071177917e-01,1.481895596501909163e+00,2.254168055359504486e+00,2.007269203125763735e+00,2.113027537560797864e+00,7.258501192730274498e-01,2.919411933138461590e-01,6.466365828420056694e+00
2.800107184992325915e-01,1.005494999432763603e-01,6.714516881144477756e-01,2.800107184992325915e-01,1.509885023770159984e-01,2.800107184992325915e-01,6.293304321034550730e-01,9.879905901141718960e-01,7.544947442267190274e-01,2.517017183985295059e-01,7.407496278261205269e-01,2.690373809287823104e+00,5.424503318518265615e-01,1.016291402356285456e+00,2.800107184992325915e-01,2.195923207277889588e+00
2.818582453392839415e-01,2.579524346681094649e-01,2.518023017462258650e-01,2.818582453392839415e-01,6.795079124155327666e-01,2.818582453392839415e-01,5.486298136781517787e-01,1.643922265172934605e+00,3.050753131700652543e-01,7.244729274330086177e-01,1.162870072425313817e+00,1.553313977313079297e+00,7.838959321594469731e-01,3.639729890759637598e-01,2.818582453392839415e-01,3.059556361200292063e+00
5.427230573405423808e-01,1.381318129227755653e+00,1.206832949925411569e+00,5.427230573405423808e-01,7.462730026484614143e-01,5.427230573405423808e-01,1.045576671708966066e+00,4.545242746165714998e+00,5.574565685427653738e-01,9.550834073551479619e-01,3.367458520471369177e+00,2.352223063646517343e+00,8.791334844763771805e-01,7.274317001970147523e-01,5.427230573405423808e-01,7.778130626680934689e+00
5.148666656404820019e-01,2.040904819782163315e+00,3.584833476996841739e+00,5.148666656404820019e-01,4.943427358865073451e-01,5.148666656404820019e-01,3.322239281049113480e+00,1.384912406442850852e+00,2.984024852818200069e-01,2.314008318476555193e+00,1.837733442074137358e+00,3.276426263005994599e+00,5.829479168055967664e-01,4.046102766257589911e-01,5.148666656404820019e-01,4.963379641481199256e-01
3.306965141987980861e-01,1.818173443652661092e+00,9.146460664960259779e-01,3.306965141987980861e-01,1.183118439574175201e-01,3.306965141987980861e-01,1.206226697963421968e+00,1.029160851307215907e+00,9.626535627647312410e-01,8.723773015889970672e-01,1.568783936606556573e+00,7.512286386208620881e-01,8.415715535187144603e-02,1.335422807822120417e+00,3.306965141987980861e-01,9.800306158386680178e-01
2.945127034258576693e-01,2.442793797577135773e-01,7.141482424262939332e-01,2.945127034258576693e-01,8.413858793421187532e-02,2.945127034258576693e-01,2.347253426282454480e+00,1.870480498691456273e+00,1.820278473808225050e-01,1.032011708913575188e+00,1.441088860961824425e+00,2.445963753702630861e+00,8.782946952223166792e-02,2.424882575994249390e-01,2.945127034258576693e-01,1.126127919619636542e+00
2.767834304089492048e-01,1.995318526637339940e-01,3.682382766216776293e-01,2.767834304089492048e-01,1.330686410191198876e-01,2.767834304089492048e-01,2.613892068767480925e+00,1.510412420729074112e+00,2.138377049100057270e-01,1.162163573097991121e+00,1.111322102143560198e+00,3.086414837327765781e+00,1.481708798487201550e-01,2.279659319054387623e-01,2.767834304089492048e-01,8.835471096084546172e-01
2.246791146918893090e-01,1.836069607512766932e-01,1.848443824005627234e-01,2.246791146918893090e-01,4.337860951326391046e-01,2.246791146918893090e-01,4.905643375619361257e-01,1.625834963857752946e+00,2.291114409093818194e-01,5.158778115090774108e-01,1.136932756409796852e+00,1.482001934237918261e+00,5.058420546854196509e-01,2.697037822331078138e-01,2.246791146918893090e-01,3.037240927053373785e+00
2.473251114677703644e-01,4.664922037250307518e-01,5.149806599925034201e-01,2.473251114677703644e-01,3.942517077568860051e-01,2.473251114677703644e-01,5.477382920023075030e-01,2.423675959198115848e+00,1.990930338587104664e-01,4.743885391855628408e-01,1.713129687531733003e+00,1.346584756391679738e+00,4.505355452397717397e-01,2.658929995293977666e-01,2.473251114677703644e-01,4.087781816618492492e+00
2.320510333144717441e-01,6.738250118219593077e-01,1.199303136511681300e+00,2.320510333144717441e-01,6.961452779806590052e-02,2.320510333144717441e-01,1.746379389536350413e+00,1.297806667105352085e+00,1.626494236393846715e-01,7.468889237470556219e-01,1.011026634739483621e+00,1.688171034916227553e+00,8.081483933516052376e-02,2.089993225446507008e-01,2.320510333144717441e-01,6.728650703839804681e-01
2.407268854201952135e-01,7.378497698570898322e-01,8.931934418169177325e-01,2.407268854201952135e-01,2.040174733260187168e-01,2.407268854201952135e-01,2.164344330322302223e+00,1.190176119359693363e+00,1.746745509974673150e-01,9.812527885953982176e-01,8.766778546785339854e-01,2.084593380041667388e+00,2.655723549056789312e-01,2.165162684147135808e-01,2.407268854201952135e-01,3.869007432142147485e-01
2.135480630217058140e-01,4.747915757476065535e-01,1.214565400130959150e+00,2.135480630217058140e-01,2.228827513006212957e-01,2.135480630217058140e-01,1.021358103035764575e+00,1.332189551048120313e+00,5.098519965379966212e-01,3.343767365339361253e-01,9.562757499861327393e-01,9.147377972629103793e-01,5.130381854722255719e-01,7.060564161545949124e-01,2.135480630217058140e-01,6.312792182642668060e-01
2.283488869148634082e-01,1.082677074990380101e-01,1.559492298721856907e+00,2.283488869148634082e-01,3.269566460780173323e-01,2.283488869148634082e-01,1.032735372221748715e+00,1.794143212108814556e+00,6.630438198245777182e-01,4.827136429823596364e-01,1.463386720897806414e+00,7.770458437210089331e-01,5.434567536780838815e-01,8.635850422062195664e-01,2.283488869148634082e-01,7.613891826113771133e-01
2.088162386522026959e-01,3.571937781102883097e-02,3.004658974218665790e-01,2.088162386522026959e-01,5.365432044600342287e-01,2.088162386522026959e-01,1.246734919727133351e+00,5.621545144306692166e-01,8.002055312259002129e-01,1.488280631473654525e+00,1.445739529680620361e+00,1.245995059855257159e+00,4.370495303328352232e-01,7.761849494646756442e-01,2.088162386522026959e-01,5.313260443508888153e-01
2.619724585740310641e-01,3.750273977444813084e-02,7.440800376422261608e-02,2.619724585740310641e-01,2.746813850756573139e+00,2.619724585740310641e-01,2.056229545563358130e+00,8.073849016948821122e-02,1.416813834846314180e+00,3.517504018087762585e+00,1.783102975021634728e+00,2.069038583359854133e+00,2.084687609206692827e+00,9.677471812350866287e-01,2.619724585740310641e-01,5.609936492188633689e-02
2.565310513201878306e-01,4.895372012085886376e-02,2.909278233166119609e-02,2.565310513201878306e-01,3.896208093015115725e+00,2.565310513201878306e-01,9.816807774279331933e-02,7.213386337663135750e-02,7.431448033304543621e+00,2.425886785778205379e+00,2.609870292934194591e+00,1.434976378203487168e-01,1.111056446471127890e+00,4.771690889591296170e+00,2.565310513201878306e-01,1.126860721001587823e-01
2.269576568972222208e-01,1.400308783777120918e-02,1.883481866549324701e-02,2.269576568972222208e-01,4.935356127525119874e+00,2.269576568972222208e-01,8.094323600139290142e-02,2.188140221539701114e-01,2.135144616191485323e+00,3.007895063812875858e+00,4.028636237739414150e-01,2.085130808368168831e-01,4.434036661506232768e+00,1.791410279228552005e+00,2.269576568972222208e-01,4.121402309842071565e-01
2.159836674995931627e-01,2.990776284719597403e-02,3.416681660934073328e-02,2.159836674995931627e-01,3.595971419447776096e+00,2.159836674995931627e-01,6.503449444137532343e-02,2.072716803868051849e-01,1.968321958608854061e+00,2.072448439362070349e+00,4.319364568796940085e-01,1.618272723267395463e-01,3.046997870738007208e+00,1.581570628227755071e+00,2.159836674995931627e-01,3.714886927464995936e-01
1.861440832096153963e-01,4.765779178942530087e-02,6.863494556251950596e-02,1.861440832096153963e-01,3.900846303237460955e+00,1.861440832096153963e-01,1.020650041787092149e-01,1.366225966626168908e-01,1.244239409925072870e+00,2.259046506379296382e+00,2.436581913600694149e-01,1.351567025217578766e-01,3.211461080714617111e+00,8.710444336171062618e-01,1.861440832096153963e-01,2.176754792679532202e-01
2.086436483425424260e-01,2.435452357255294409e-01,1.060457958165037240e-01,2.086436483425424260e-01,1.426876190851254389e+00,2.086436483425424260e-01,1.842504478326903727e-01,3.317389515066408723e-02,1.900981433862936054e+00,1.023554881239272962e+00,7.951091800130096754e-01,1.080378827795241692e-01,6.440991987022317566e-01,1.266972258509782234e+00,2.086436483425424260e-01,2.476803351442351600e-02
2.217328856276095939e-01,1.993922173015660881e-01,1.084252870677993169e-01,2.217328856276095939e-01,1.371079338463867314e+00,2.217328856276095939e-01,1.254853257015886014e-01,4.494918354075583961e-02,2.339333402292464115e+00,1.002951387781206849e+00,9.376727526002682778e-01,7.238418231546618620e-02,5.670283370210681406e-01,1.655319266925400212e+00,2.217328856276095939e-01,3.948643931418737568e-02
1.911326492155579204e-01,2.153680888905467328e-01,6.903823957848433113e-02,1.911326492155579204e-01,1.366937486372609811e+00,1.911326492155579204e-01,1.271359503675283109e-01,6.022787769647143519e-02,1.301183146016240189e+00,1.012008184191400817e+00,3.752249442240173094e-01,8.491244571212876180e-02,1.276122383033469365e+00,1.115603275856912324e+00,1.911326492155579204e-01,8.581415616350671072e-02
1.978910100101206604e-01,7.227245028666559774e-03,9.928804636525392913e-02,1.978910100101206604e-01,7.221992836024496709e-01,1.978910100101206604e-01,9.201083854557637332e-02,1.299554000470232173e-01,3.158875486531684373e+00,4.374734333590560853e-01,3.400646894760732120e-01,2.327458813820756367e-01,2.143062849453706953e+00,4.027377287027829489e+00,1.978910100101206604e-01,1.796227802270897178e-01
1.245193148363162028e-01,3.642119428510157565e-03,1.330075870579321314e-02,1.245193148363162028e-01,2.472382745885459698e+00,1.245193148363162028e-01,5.431106743483855859e-02,8.692336405539397015e-02,8.020004052620390844e-01,1.420379844238235822e+00,1.574191308502080611e-01,8.743627869781202266e-02,2.020013626142225238e+00,5.559723844223243283e-01,1.245193148363162028e-01,1.518656333770999900e-01
1.666195496310877988e-01,1.668337219330038451e-02,1.105893023219755612e-02,1.666195496310877988e-01,1.160470906030748539e+00,1.666195496310877988e-01,8.902324021320456859e-02,1.630442051579973281e-02,1.435474433915104875e+00,8.155877386311214394e-01,5.871856283078066285e-01,8.996808838431107069e-02,5.485604003439230603e-01,9.387215740349528215e-01,1.666195496310877988e-01,2.103995463005946601e-02
2.174703660470233835e-01,1.370738892372696215e-02,9.231428156553561637e-03,2.174703660470233835e-01,1.271711633367252681e+00,2.174703660470233835e-01,4.419522604702910001e-02,3.365326124368281380e-02,2.507743352194458986e+00,9.071875866821633716e-01,9.578835813346875394e-01,7.198055457301853755e-02,4.316032475258420598e-01,1.751306239199657000e+00,2.174703660470233835e-01,5.534232097886931934e-02
1.918138775216818304e-01,1.708007110677939137e-03,5.336425241854477960e-03,1.918138775216818304e-01,1.555819149044086025e+00,1.918138775216818304e-01,3.050408268277006105e-02,1.129973184594055963e-01,7.825633177346973390e-01,1.092503327106636668e+00,1.922184722892770203e-01,9.851571077768422890e-02,1.611265143415694379e+00,7.910792149003195162e-01,1.918138775216818304e-01,2.161021974740961193e-01
2.906013425786353466e-01,3.097798807876415636e-03,7.311988794913761719e-03,2.906013425786353466e-01,2.140730682515724848e+00,2.906013425786353466e-01,4.377606026154298030e-02,1.530671090712313609e-01,9.758189597634129298e-01,1.556676813316976826e+00,2.400471033043808933e-01,1.356637087559620924e-01,2.294514500158687298e+00,1.039835866197264647e+00,2.906013425786353466e-01,2.938982481234118649e-01
2.853387443855212591e-01,5.735861927703405500e-03,8.071346141411236963e-03,2.853387443855212591e-01,1.458045880313435960e+00,2.853387443855212591e-01,3.510079945099920523e-02,1.303612584117858075e-01,8.863034797768003514e-01,1.156865724045913257e+00,2.382102779013190730e-01,1.198661931570104838e-01,1.714628159914751926e+00,1.002796615496597932e+00,2.853387443855212591e-01,2.509459059851625873e-01
3.472449683705318701e-01,2.133233382699292052e-02,1.648034480235866656e-02,3.472449683705318701e-01,2.083715508624309987e+00,3.472449683705318701e-01,3.181799871398134638e-02,1.902146448275872648e-01,7.177151018925483905e-01,1.693887179916205632e+00,1.699055289377102429e-01,1.235142751654681875e-01,2.566204092894032840e+00,9.620459071814163599e-01,3.472449683705318701e-01,3.589798530478912064e-01
3.866389059960496088e-01,1.622132821832268645e-02,7.017099737859731901e-02,3.866389059960496088e-01,5.275804926243971016e-01,3.866389059960496088e-01,6.338062476954700597e-02,1.074757966090696681e-01,1.016919896759219233e+00,4.233818926994555865e-01,1.069520374516091249e-01,1.723705201769793471e-01,1.202125078339997710e+00,1.448403782664294148e+00,3.866389059960496088e-01,1.699389276621238454e-01
3.934681126662678552e-01,8.622402386148220535e-03,4.943141719336360124e-02,3.934681126662678552e-01,3.406977051070787521e-01,3.934681126662678552e-01,5.899672376318324668e-02,7.182892339961581551e-02,1.592635423343148560e+00,2.424400908169646873e-01,1.736954597789588661e-01,2.346968633688215067e-01,1.132057451506903289e+00,2.091152402761348394e+00,3.934681126662678552e-01,1.747099362108114062e-01
3.341042910107206998e-01,1.457993039339803253e-02,1.923474341451660366e-02,3.341042910107206998e-01,1.431732526541281469e+00,3.341042910107206998e-01,3.401961535438784157e-02,1.274305796951325509e-01,5.461153918463599322e-01,9.569457084739805275e-01,1.443788369166967012e-01,7.934651947993004439e-02,1.411429994492724438e+00,5.217561243347237365e-01,3.341042910107206998e-01,2.195714111056248918e-01
5.852470992163132379e-01,8.102888709330732103e-03,7.778526610437495881e-02,5.852470992163132379e-01,1.273237707085765669e+00,5.852470992163132379e-01,1.635876346509115009e-01,8.587636163315827409e-02,1.074148363581805210e+00,8.145822619828956279e-01,2.723209147612226100e-01,1.697988607236437519e-01,1.241258575776904127e+00,1.044679248362470725e+00,5.852470992163132379e-01,5.339458334700379616e-02
6.681321656169421086e-01,4.310275777927394247e-02,1.813197509320137180e-02,6.681321656169421086e-01,2.276230852617599609e+00,6.681321656169421086e-01,7.183440315055091008e-02,3.505086024358948504e-02,3.973313511963039613e+00,1.328970605660313220e+00,1.320520097006877336e+00,9.237449816400457314e-02,7.015897842254843475e-01,2.427688784061765581e+00,6.681321656169421086e-01,5.606553795518382649e-02
3.816660874977092499e-01,6.078607940021371267e-03,1.077494513869756490e-02,3.816660874977092499e-01,1.750438718765659818e+00,3.816660874977092499e-01,2.094515304187550067e-02,8.580458314874930825e-02,1.000113001928708334e+00,9.762657545796051828e-01,2.077643901348661670e-01,6.129363319960978024e-02,1.441694297672408975e+00,7.839056691440631219e-01,3.816660874977092499e-01,1.551638211979307347e-01
5.280814642489123356e-01,1.518482111403812035e-02,2.248658718321278754e-02,5.280814642489123356e-01,3.332622768468497920e+00,5.280814642489123356e-01,6.674968180999529821e-02,6.579226657981290804e-02,9.622031689042058744e-01,1.885884449264828566e+00,1.333479537800246195e-01,9.176584737817117254e-02,2.702844975288659413e+00,6.257717011162829968e-01,5.280814642489123356e-01,1.141565650257810038e-01
5.505044829379435178e-01,7.875864462717092895e-02,2.977780185444295694e-02,5.505044829379435178e-01,7.514296285579143975e-01,5.505044829379435178e-01,5.286118331119187691e-02,2.936191237573950244e-02,1.524114218972894674e+00,4.740656217374522585e-01,5.535640159375213587e-01,5.158852552060695651e-02,1.765884183796735118e-01,9.789966546167671035e-01,5.505044829379435178e-01,4.306878183228522727e-02
6.966686717369067194e-01,3.028077126522902077e-02,4.341399730771624416e-02,6.966686717369067194e-01,1.455226604409979974e+00,6.966686717369067194e-01,5.329581410841122135e-02,1.409399522838772623e-01,4.250451896718301925e-01,8.998634182066558296e-01,1.423433134696728275e-01,1.084703350725360615e-01,1.277908529492906675e+00,3.327150898045597716e-01,6.966686717369067194e-01,2.474180851090647115e-01
1.253740647280392917e+00,2.560894033232176126e-01,1.062712698420562318e-01,1.253740647280392917e+00,4.991455761483091225e-01,1.253740647280392917e+00,1.790800134769596208e-01,1.081494740425622963e-01,1.151306677533216138e+00,4.575368415041458636e-01,5.504475138000854972e-01,1.931553173082859731e-01,1.700910144158441495e-01,8.898948559961304960e-01,1.253740647280392917e+00,1.573906619759320724e-01
1.878642504237204802e+00,2.032923643642963463e-01,1.640484983478281145e-01,1.878642504237204802e+00,1.115863895574197073e+00,1.878642504237204802e+00,2.177882096241611221e-01,7.048245779541925105e-01,3.845340211734176727e-01,9.568227835082288024e-01,4.991715062674362824e-01,4.426395532267468624e-01,1.376096280088028756e+00,5.203520012605332701e-01,1.878642504237204802e+00,1.177427760103115562e+00
3.513721432168895209e+00,4.514552075833881961e-01,1.075349123214990321e+00,3.513721432168895209e+00,4.263012875885722752e-01,3.513721432168895209e+00,9.285472344826226632e-01,1.197817201433894585e+00,9.164970420049105559e-01,4.755382332844867999e-01,8.492400519016050087e-01,9.588184154585401853e-01,1.029179471778375765e+00,1.308011079029444357e+00,3.513721432168895209e+00,6.806284992519062715e-01
3.853289353206927448e+00,9.287344523035549748e-02,1.523919390657273443e+00,3.853289353206927448e+00,3.637344061784724691e-01,3.853289353206927448e+00,9.308019070665599637e-01,1.783405696962314213e+00,1.370001624499230797e+00,3.986282178585062175e-01,1.352363680177309346e+00,8.025269101268346361e-01,1.090378121159753855e+00,1.867674495976603399e+00,3.853289353206927448e+00,8.742789119663993969e-01
3.158788214915885462e+00,1.876757171198916996e-01,1.910008041778564203e-01,3.158788214915885462e+00,8.567927816353115844e-01,3.158788214915885462e+00,1.074951967381234219e+00,6.960217657504761402e-01,7.176030611589507835e-01,1.136770580739732805e+00,6.229605909195512492e-01,1.264649949190415068e+00,1.142441681909542650e+00,8.704311841023133489e-01,3.158788214915885462e+00,5.571686914475434405e-01
1.446711883912557450e+00,4.096530991507991992e-02,1.969191420842707207e-01,1.446711883912557450e+00,5.470553123440156096e-01,1.446711883912557450e+00,1.615181038197892605e-01,3.422408040491768388e-01,1.089509721005143650e+00,4.539690018430698193e-01,2.716842584055473298e-01,6.329833202554587812e-01,1.263023599331419833e+00,1.549188140131771085e+00,1.446711883912557450e+00,6.578285533380947570e-01
1.439980366396010902e+00,7.737552818597013063e-03,1.254865469799138211e-01,1.439980366396010902e+00,3.816567099550083886e-01,1.439980366396010902e+00,1.649338835554899074e-01,2.297770238043192470e-01,1.606179186287993943e+00,3.065097752392564323e-01,2.860200757387332260e-01,8.596265867469972122e-01,1.181975219255456677e+00,2.114074916495165546e+00,1.439980366396010902e+00,6.780128290549775061e-01
1.264399829116803264e+00,8.850788566156921749e-03,1.901884334055024828e-02,1.264399829116803264e+00,1.444948569779535674e+00,1.264399829116803264e+00,9.575715492357901593e-02,4.420794409504718581e-01,6.860138524943818483e-01,1.019105312665024909e+00,3.938929126589714169e-01,3.696584194673145918e-01,1.463330456151404446e+00,6.789165390821354507e-01,1.264399829116803264e+00,8.518754888323152308e-01
2.049734522356333244e+00,2.404562502971511334e-02,3.882648455536293064e-02,2.049734522356333244e+00,1.908815572111877801e+00,2.049734522356333244e+00,1.492391764239677232e-01,6.912629746301427458e-01,9.775531781156882039e-01,1.392891386811413446e+00,6.132917757078752974e-01,5.691796924065871677e-01,1.992129936070923257e+00,9.982084985608968841e-01,2.049734522356333244e+00,1.325294955110956074e+00
1.997434234938566533e+00,4.909140948134618071e-02,6.095241490054830596e-02,1.997434234938566533e+00,1.725478641118275203e+00,1.997434234938566533e+00,1.569061453633427694e-01,6.428877888383304207e-01,7.687824243556627968e-01,1.307769748827910972e+00,5.418980939173224654e-01,5.331151350999709937e-01,1.861365289997576111e+00,8.315660071785095919e-01,1.997434234938566533e+00,1.216266300046024096e+00
2.429058600810859669e+00,1.621985056960016380e-01,1.460114445564217323e-01,2.429058600810859669e+00,1.338765298425246053e+00,2.429058600810859669e+00,2.280681825280865826e-01,7.734324134176471244e-01,8.889442240859496414e-01,1.154727320046280648e+00,6.983665696069297768e-01,6.102174315003133787e-01,1.604314180323249683e+00,1.017521369430728129e+00,2.429058600810859669e+00,1.402518860124555289e+00
2.693068016831150491e+00,3.750838390993191385e-01,4.681900710360009654e-01,2.693068016831150491e+00,1.973679924347998105e+00,2.693068016831150491e+00,4.025781886307406854e-01,8.705900351214139743e-01,5.921332898484745755e-01,1.787375343066500699e+00,7.298154455702716703e-01,6.459245438257951166e-01,2.369886417941402978e+00,8.266996539442736935e-01,2.693068016831150491e+00,1.351059888640354201e+00
3.115794656529005557e+00,1.781975110874099100e+00,9.106317154829037808e-01,3.115794656529005557e+00,1.071840671741166179e-01,3.115794656529005557e+00,1.148216082396507076e+00,9.846549704512995715e-01,1.015585100112827766e+00,9.054354469977259345e-01,1.610147365179899204e+00,6.649626867992176615e-01,7.817919688480351459e-02,1.426941164137561113e+00,3.115794656529005557e+00,9.202151292589066944e-01
4.020051129187352856e+00,4.353732055948245638e-01,1.010850296887238819e+00,4.020051129187352856e+00,1.085893971364274568e-01,4.020051129187352856e+00,3.369853813526600739e+00,2.320246734208753825e+00,2.421269986960152554e-01,1.603180544204493296e+00,1.964984612647934004e+00,3.410138749201151676e+00,1.203132256282671425e-01,3.281421774156917937e-01,4.020051129187352856e+00,1.200409657753156889e+00
3.081338286135639759e+00,2.776138280487907561e-01,5.570202231975960316e-01,3.081338286135639759e+00,1.376279412542934233e-01,3.081338286135639759e+00,2.620749227004699033e+00,1.663130665744608105e+00,2.256959463036333768e-01,1.287637385190594674e+00,1.435831316592159457e+00,2.673613972475120448e+00,1.453547432136304551e-01,2.779964478949256135e-01,3.081338286135639759e+00,8.068537906728523446e-01
2.236775297153618780e+00,1.030438335598967137e-01,4.494318724702832113e-01,2.236775297153618780e+00,2.295023915617071253e-01,2.236775297153618780e+00,1.581144322258747570e+00,1.235867634703733842e+00,2.548292286017253550e-01,8.897524493883909313e-01,1.078415394292377094e+00,1.638842288247299273e+00,2.255765428692361185e-01,2.918481865276070231e-01,2.236775297153618780e+00,7.659246315661903948e-01
2.136771095134235576e+00,1.028488042870777247e-01,1.276297077748380082e-01,2.136771095134235576e+00,3.798284579253415338e-01,2.136771095134235576e+00,1.899607138805262663e+00,9.433441485239747459e-01,5.901727200527817629e-01,1.077438396716315916e+00,8.578215416425751805e-01,2.177520276913676334e+00,3.823165187220644023e-01,5.654891424952313006e-01,2.136771095134235576e+00,4.359293111422621880e-01
2.041915230750694477e+00,6.329513722810846399e-02,1.963682744503381927e-01,2.041915230750694477e+00,1.743573496787021782e+00,2.041915230750694477e+00,2.210245931684573506e-01,1.339552799507456093e+00,6.983786751649196933e-01,1.279908258721163650e+00,1.039891275190249598e+00,7.247098145392312230e-01,1.739987523256667723e+00,7.150317270987259777e-01,2.041915230750694477e+00,2.308379135398491933e+00
2.216531824717344890e+00,1.655218477696018542e-01,1.733316927040355893e-01,2.216531824717344890e+00,8.054132596469943950e-01,2.216531824717344890e+00,1.080068057516469171e+00,5.004729132515232104e-01,8.161803630633810425e-01,1.170662432941603326e+00,7.654482646353907294e-01,1.108265523830018973e+00,8.461769432166441618e-01,8.097931071447922458e-01,2.216531824717344890e+00,2.908488197874153913e-01
2.991071786041587632e+00,6.529964145576126755e-02,5.837301114680333303e-01,2.991071786041587632e+00,2.931812454517561672e+00,2.991071786041587632e+00,7.129145459486316838e-01,7.006883260743460573e-01,2.663469016105197262e+00,2.184584438100119375e+00,1.091526316962365017e+00,1.055657920780146197e+00,3.211482135792001813e+00,2.867434517235725622e+00,2.991071786041587632e+00,6.833981399599470263e-01
3.376389811191967461e+00,2.816309769070490243e-01,1.599413787809789711e-01,3.376389811191967461e+00,4.548375670368421275e+00,3.376389811191967461e+00,5.366710266524673534e-01,5.037798341224306586e-01,9.205082741659818879e+00,3.812249581545313681e+00,4.063325979534456955e+00,9.348685667164701174e-01,1.846041579568318491e+00,6.991234375672298995e+00,3.376389811191967461e+00,8.433525193929188868e-01
3.036337480806582168e+00,8.312970869243602179e-02,1.100965181042957985e-01,3.036337480806582168e+00,5.386478619145979252e+00,3.036337480806582168e+00,4.304882233566017513e-01,1.706959090880168839e+00,3.355809451685461742e+00,4.426572095966723630e+00,1.724064675862826412e+00,1.547543249551280864e+00,6.397990384405986219e+00,3.820932372226148566e+00,3.036337480806582168e+00,3.290007784228635934e+00
2.220942610241219306e+00,1.911455221573331587e-01,1.422311090544600698e-01,2.220942610241219306e+00,4.795148413212623417e+00,2.220942610241219306e+00,2.410551098450172403e-01,1.526133671294274796e+00,1.587657128687658181e+00,3.954974605633374996e+00,1.102867638651946036e+00,9.713422667967704927e-01,5.926756524880970822e+00,2.167430476055160149e+00,2.220942610241219306e+00,2.883552611431435597e+00
1.696974069033790444e+00,1.317546438476502324e-01,4.234680481438104493e-01,1.696974069033790444e+00,6.318231537845668822e-01,1.696974069033790444e+00,3.357344881695645822e-01,5.912087021510026297e-01,1.613090637457617715e+00,5.624758305425171523e-01,4.602565726257493717e-01,9.509566224692475034e-01,1.709734893354505125e+00,2.308094450590215896e+00,1.696974069033790444e+00,9.139645306402359726e-01
1.775817212042663629e+00,1.376262326581593198e-01,3.964562504161650569e-01,1.775817212042663629e+00,6.496206803665435237e-01,1.775817212042663629e+00,3.476840246007373847e-01,5.902692017276760517e-01,1.903777019894164368e+00,5.825238862277685170e-01,4.816808029101166122e-01,1.137807604354086122e+00,1.880766368931127142e+00,2.695858921682247722e+00,1.775817212042663629e+00,1.057731821226218560e+00
1.613983709659349453e+00,7.359268737481453049e-02,3.724896403029220315e-01,1.613983709659349453e+00,8.451917550783822897e-01,1.613983709659349453e+00,2.846004097104568586e-01,6.183336805303388806e-01,1.633763148562479506e+00,7.022786249411869797e-01,4.775145652152244513e-01,1.051610786606086201e+00,1.921229122498101738e+00,2.325489022972100361e+00,1.613983709659349453e+00,1.115755919756423520e+00
1.546448576677313058e+00,4.666398999054306024e-02,2.086880439564535727e-01,1.546448576677313058e+00,5.220894620636703509e-01,1.546448576677313058e+00,2.970910665265064643e-01,3.510295196692573283e-01,2.400183139049382408e+00,4.342361846086744692e-01,4.370386584307933697e-01,1.447724523037625888e+00,1.702737923511684626e+00,3.145469684078039396e+00,1.546448576677313058e+00,1.081779748471282554e+00
1.466593553900354951e+00,3.722033601109610290e-02,1.289898210775094756e-01,1.466593553900354951e+00,2.443431698290388532e+00,1.466593553900354951e+00,1.621762832678705357e-01,8.979534397286681457e-01,9.364232362142131949e-01,1.681719560664094892e+00,7.630372389972503999e-01,4.964340990820934052e-01,2.358901670915265480e+00,8.999989208652304784e-01,1.466593553900354951e+00,1.548321850105734532e+00
1.907312732539971689e+00,8.948995735964200560e-02,1.288939023321847843e-01,1.907312732539971689e+00,1.369577092790359885e+00,1.907312732539971689e+00,8.945127772055921911e-01,3.192322867762883432e-01,1.369700793575891140e+00,1.520328903990026959e+00,8.582809840914932265e-01,8.920826842838989190e-01,1.336259296636320038e+00,1.273927286984853469e+00,1.907312732539971689e+00,1.916950562654294310e-01
2.092521364893453306e+00,2.740004054954316148e-02,2.588619107005191711e-01,2.092521364893453306e+00,4.381549998915811095e+00,2.092521364893453306e+00,5.625817553669221205e-01,2.912189071258907136e-01,3.600141186126630366e+00,2.797257698455973163e+00,9.258643621028908033e-01,6.070969168282522865e-01,4.208944777044038688e+00,3.457986898339065807e+00,2.092521364893453306e+00,2.004811721829891091e-01
2.261624227411468624e+00,1.262775147015713639e-01,6.097536868441901653e-02,2.261624227411468624e+00,7.337401833210859259e+00,2.261624227411468624e+00,2.274097126884198905e-01,1.336931333314330395e-01,1.296451222808146042e+01,4.247178553408159196e+00,4.311858539554662251e+00,3.084927658063650324e-01,2.167271957806825355e+00,7.881799028750672953e+00,2.261624227411468624e+00,2.106517244949729917e-01
2.020386874883489448e+00,2.992386828567771342e-02,4.929202986183382068e-02,2.020386874883489448e+00,8.973648247046156712e+00,2.020386874883489448e+00,1.380002679129862797e-01,4.632681783804425413e-01,4.779721691160366603e+00,4.978925899954842471e+00,9.927461734258834491e-01,3.768199183546979136e-01,7.325117462235047228e+00,3.658336704963684571e+00,2.020386874883489448e+00,8.450009032065107784e-01
1.574606841867021823e+00,2.957452526215053126e-02,6.548586320650920389e-02,1.574606841867021823e+00,8.627579907427719519e+00,1.574606841867021823e+00,1.777837349992500426e-01,2.879047447732979159e-01,2.814057047526052902e+00,4.749690036263452875e+00,5.215693489405295313e-01,2.764057864832612510e-01,6.771925553525750097e+00,1.799463229745103421e+00,1.574606841867021823e+00,4.926269858309148542e-01
1.242296465111607295e+00,9.942282951297651272e-02,4.805997070889721917e-02,1.242296465111607295e+00,2.559098730173758440e+00,1.242296465111607295e+00,1.994565862809593582e-01,2.121633822890249196e-02,2.947347427662259545e+00,1.626649825344017586e+00,1.096102985514052941e+00,1.727982040869765756e-01,1.154760783894224430e+00,1.740486963553065980e+00,1.242296465111607295e+00,1.991670201414427743e-02
1.114974871657971267e+00,8.396703090412062365e-02,3.683737990512792049e-02,1.114974871657971267e+00,1.910345789284098705e+00,1.114974871657971267e+00,5.669187292717543097e-02,3.395028875170402055e-02,3.834455887720282785e+00,1.158972690522353632e+00,1.343930093291571870e+00,4.534485233801597431e-02,4.384010046661041549e-01,2.423910021109489499e+00,1.114974871657971267e+00,4.206385575933146992e-02
9.643048620277664407e-01,2.467797559135619101e-02,3.153842310858941123e-02,9.643048620277664407e-01,2.529990411778185067e+00,9.643048620277664407e-01,6.405898479286230296e-02,6.787590897852072147e-02,7.356256630149544673e-01,1.522135247655381995e+00,1.229758074293909736e-01,8.551856711350927509e-02,2.173657207856436457e+00,5.472864726437866034e-01,9.643048620277664407e-01,1.126711887691558417e-01
1.231604112421964548e+00,1.378563891399685881e-01,6.403138836674870937e-02,1.231604112421964548e+00,6.431965037695073217e-01,1.231604112421964548e+00,8.188214094606256765e-02,4.824264295120097440e-02,1.419567920214169554e+00,5.097762302533542789e-01,5.933368597133367173e-01,6.225904517127155147e-02,2.024501465080828511e-01,1.044704687060808324e+00,1.231604112421964548e+00,5.553341698781956437e-02
1.681178134906596400e+00,1.266637194185953330e-01,7.948445777701727832e-02,1.681178134906596400e+00,1.312218927636816579e+00,1.681178134906596400e+00,1.414209774863284808e-01,2.103331498149371703e-01,4.473148303839231121e-01,1.022188088762625346e+00,1.750694450397578261e-01,1.649919259550326478e-01,1.490114245920146629e+00,5.348204348451457424e-01,1.681178134906596400e+00,2.875929353386666443e-01
2.928616273016944493e+00,1.077723439089658675e-01,6.625834694410662751e-01,2.928616273016944493e+00,6.087450754000883757e-01,2.928616273016944493e+00,4.263241261674077243e-01,7.150087412734812409e-01,9.987450260713541805e-01,4.674189779125964561e-01,6.122491577793882644e-01,2.151681099805637098e-01,9.856447664649534701e-01,1.248514747864077457e+00,2.928616273016944493e+00,2.376375596231914689e-01
3.197898333878064658e+00,2.152261721849794973e-01,3.139492574917427392e-01,3.197898333878064658e+00,1.136432028371399117e+00,3.197898333878064658e+00,5.928169105792204796e-01,2.421453137217142171e-01,1.793136714580989777e+00,9.870451403480205999e-01,6.959043111302650741e-01,6.089137709175784785e-01,9.651201275106965349e-01,1.555651510209133059e+00,3.197898333878064658e+00,1.154206880240267324e-01
1.668812853165725585e+00,1.183737570728676664e-01,1.438305455086816009e-01,1.668812853165725585e+00,3.296889190725847740e+00,1.668812853165725585e+00,1.234271762707127296e-01,1.518995921263679438e-01,1.029038205087874358e+00,1.946052340981231366e+00,2.286497105388803075e-01,1.346914078748870924e-01,2.757866382529488014e+00,7.398086170398553429e-01,1.668812853165725585e+00,2.141332554631270313e-01
1.953355881705806762e+00,6.102198005050971652e-01,2.804363717048147797e-01,1.953355881705806762e+00,1.128681916466356183e+00,1.953355881705806762e+00,3.017779702781270279e-01,7.882848308082278377e-02,1.682470921341059356e+00,8.606325829853523901e-01,7.688293090252487083e-01,1.100077399125895944e-01,4.698599277963531051e-01,1.166199663258776109e+00,1.953355881705806762e+00,5.283721682245884343e-02
2.207537793921825475e+00,6.405683561679763605e-01,2.849909130835544535e-01,2.207537793921825475e+00,1.270781217452360501e+00,2.207537793921825475e+00,3.427657404131739249e-01,1.042355161195752944e-01,1.762234447342233112e+00,1.001459871046252115e+00,8.410699465170153877e-01,1.619046208483874982e-01,5.982964491622884129e-01,1.257372368357750902e+00,2.207537793921825475e+00,9.879026215056477267e-02
1.939726125024927139e+00,4.677322768531203545e-01,2.345705352437733038e-01,1.939726125024927139e+00,9.937582312442662102e-01,1.939726125024927139e+00,2.763751965486734297e-01,1.455626806008262497e-01,1.750341732726927058e+00,8.296037572390383419e-01,8.287477298252655666e-01,2.232808703645550452e-01,4.403873324438250525e-01,1.315170671817859738e+00,1.939726125024927139e+00,1.919431758325954862e-01
2.022900308603432507e+00,5.263494052418783431e-01,1.989644542786138393e-01,2.022900308603432507e+00,1.172439282395975280e+00,2.022900308603432507e+00,3.062047916098488698e-01,4.243026086231647120e-01,1.186887293903970297e+00,9.820681993074072968e-01,6.554112143979474725e-01,4.304208593329163501e-01,1.141362512207090285e+00,1.112874276986320465e+00,2.022900308603432507e+00,7.804862286378700942e-01
2.004867532990083134e+00,4.945787436978825446e-02,2.311163971340250145e-01,2.004867532990083134e+00,5.540397916465873429e-01,2.004867532990083134e+00,3.740773729285318816e-01,4.365995895998900922e-01,2.661642197081247385e+00,4.710248551301046138e-01,5.101074590032294021e-01,2.035874335118893708e+00,1.856193984761445259e+00,3.480186088009356471e+00,2.004867532990083134e+00,1.525611741957569878e+00
1.278669723383083268e+00,1.181782240148089580e-02,9.561858834597829204e-02,1.278669723383083268e+00,1.859093528786983862e+00,1.278669723383083268e+00,1.230907937751296172e-01,8.438696009074422300e-01,6.394671341196178638e-01,1.243397955174779579e+00,6.509731809266053881e-01,4.567774069893811295e-01,1.761775998043901392e+00,5.933688362137334860e-01,1.278669723383083268e+00,1.476499867569535773e+00
1.783800353642943426e+00,2.263067975362877127e-02,4.586226957751291661e-02,1.783800353642943426e+00,8.072413175423970300e-01,1.783800353642943426e+00,7.881389673487274594e-01,3.722827408036035179e-01,1.128990052399611699e+00,8.917496417402586140e-01,6.005981712235429759e-01,9.119198714393361715e-01,7.371053530647407870e-01,1.012783492476993397e+00,1.783800353642943426e+00,2.135196335351751407e-01
1.010578287775484085e+00,1.178865064185006910e-02,1.943543252853001044e-02,1.010578287775484085e+00,2.113570987563078152e+00,1.010578287775484085e+00,7.015172768238099599e-02,2.877819733485431075e-01,9.007549763213671401e-01,1.304367878126736713e+00,2.999233113294428321e-01,2.407971914432847360e-01,1.902819153018989518e+00,7.577921334970159073e-01,1.010578287775484085e+00,5.488800121576116187e-01
1.511823596364849420e+00,4.735881945056699682e-02,4.327218139978256800e-02,1.511823596364849420e+00,2.327297991807584676e+00,1.511823596364849420e+00,1.127262010292805344e-01,3.911857942552694478e-01,1.328444274356838095e+00,1.362598588910694852e+00,4.648743637228624492e-01,3.403485205027192984e-01,1.968846802473116053e+00,1.072543978023076994e+00,1.511823596364849420e+00,7.342873191359690077e-01
1.439052250852649095e+00,7.832245530761026975e-02,1.212919222694307936e-01,1.439052250852649095e+00,2.991102945992909490e+00,1.439052250852649095e+00,1.184646026628401322e-01,4.203534185001795986e-01,8.821364747330762146e-01,1.749783184316902940e+00,3.754450803554271743e-01,2.855120798630026990e-01,2.482583547462732909e+00,6.138189241766645043e-01,1.439052250852649095e+00,7.424434716682338786e-01
1.713451195985201903e+00,4.701042852441306152e-01,1.739020731495985184e-01,1.713451195985201903e+00,7.938564813431516765e-01,1.713451195985201903e+00,3.455690840737368208e-01,1.791058347487684277e-01,1.561579864901854853e+00,6.196971137368176841e-01,7.101915708532690052e-01,3.847205562881855223e-01,2.351134351561713354e-01,1.060879331881174226e+00,1.713451195985201903e+00,2.779848135864609326e-01
2.001700097329094152e+00,2.173933033489774957e-01,2.374094173661603635e-01,2.001700097329094152e+00,1.310402466170272895e+00,2.001700097329094152e+00,2.214056866718731309e-01,1.063315941728202985e+00,6.049351958738119484e-01,9.045614353419829667e-01,8.934810344537997828e-01,5.546631385673364001e-01,1.144175306282806170e+00,5.396389208757724765e-01,2.001700097329094152e+00,1.840714804105320512e+00
3.562565298545709247e+00,6.002598087305743846e-01,1.059028882104595448e+00,3.562565298545709247e+00,1.527072418007138443e+00,3.562565298545709247e+00,1.511063883840349620e+00,2.041974788568521049e-01,9.866289674724247893e-01,2.208996268952804876e+00,1.297705214929982809e+00,1.459242443708842929e+00,1.177679553070057894e+00,7.474373219439346405e-01,3.562565298545709247e+00,9.181835270570019858e-02
1.795844423943331769e+00,4.248996022804069073e-01,2.019989172093817897e-01,1.795844423943331769e+00,1.458376111474702252e+00,1.795844423943331769e+00,2.612230684860848973e-01,7.176447061436962149e-02,2.040962306736669341e+00,1.060001904761554536e+00,8.915354348415707175e-01,1.309349376759890160e-01,6.135309212975528226e-01,1.362606432376947119e+00,1.795844423943331769e+00,5.481622969275733170e-02
1.564609447294421640e+00,3.422796632313986898e-01,1.530386927344219716e-01,1.564609447294421640e+00,1.213205164409142611e+00,1.564609447294421640e+00,2.220180759346099264e-01,7.698041677927268400e-02,1.847497023873275968e+00,9.022147680299933414e-01,8.188697539643632339e-01,1.302666876272938201e-01,4.767408788901534300e-01,1.254957411566844039e+00,1.564609447294421640e+00,7.590861730987660816e-02
1.532623954433515401e+00,2.276132444283664180e-01,1.415505985366292130e-01,1.532623954433515401e+00,1.236421007858674148e+00,1.532623954433515401e+00,2.138978165921726071e-01,1.327774471895298569e-01,1.550024080509489366e+00,9.355643782756291049e-01,7.548137624139784618e-01,1.910053171125300764e-01,5.997882434658408091e-01,1.068799358185479997e+00,1.532623954433515401e+00,1.654388392961103349e-01
1.527648886927653882e+00,2.655027148406619575e-01,9.180096847339040689e-02,1.527648886927653882e+00,9.986780970494304466e-01,1.527648886927653882e+00,2.950133303714065347e-01,1.957952983838418259e-01,2.103586605167970358e+00,8.028286162387406888e-01,9.391205545195980831e-01,4.342542507815846942e-01,2.960680243191446404e-01,1.484887284171818145e+00,1.527648886927653882e+00,3.242555775857403622e-01
1.542533966698691028e+00,1.542407410422975099e-02,1.191320490363526607e-01,1.542533966698691028e+00,1.488043865324317316e+00,1.542533966698691028e+00,1.469603618962254943e-01,1.050942887866626929e+00,5.472013608439051380e-01,1.083094372941093564e+00,7.976113381856809736e-01,5.632124776075144723e-01,1.504914098526332955e+00,5.687968836521395399e-01,1.542533966698691028e+00,1.839838260569101047e+00
2.403722233832094268e+00,3.172949728503794697e-02,6.717778261251025618e-02,2.403722233832094268e+00,7.527095810856914149e-01,2.403722233832094268e+00,1.094949234410878436e+00,5.160359451845175638e-01,1.008300821761495714e+00,1.117950060115863176e+00,7.425199141761709143e-01,1.268931959267521892e+00,8.298318347227762182e-01,1.026264225092894167e+00,2.403722233832094268e+00,3.075287282236321418e-01
1.215041674231805979e+00,1.613498151950786691e-02,2.188482607191573337e-02,1.215041674231805979e+00,1.383677017924856978e+00,1.215041674231805979e+00,8.834555127155774290e-02,3.499641716406333147e-01,8.430876021817694799e-01,1.125082875212903621e+00,3.787098867749886799e-01,3.170773558881577192e-01,1.637168049703401795e+00,9.599922023001373761e-01,1.215041674231805979e+00,6.748238946194855536e-01
1.922221346901967332e+00,8.028034701587911937e-02,5.969828294072503094e-02,1.922221346901967332e+00,2.561096750033018399e+00,1.922221346901967332e+00,1.062595906952901320e-01,6.693430163638447450e-01,8.857670751861482783e-01,2.115003066924642461e+00,5.015562914657161198e-01,4.313407721866701072e-01,3.177831386097616395e+00,1.199775418343710376e+00,1.922221346901967332e+00,1.267277358513291263e+00
1.844866565767918409e+00,6.592498675013756804e-02,2.242989845026457929e-01,1.844866565767918409e+00,5.523257109637522699e-01,1.844866565767918409e+00,1.800247794703896675e-01,3.351591507294552352e-01,1.077609838785322571e+00,4.691887749620325399e-01,2.616181314513831846e-01,5.239199614937397609e-01,1.290924714377907012e+00,1.553348981671217599e+00,1.844866565767918409e+00,5.337296881364071988e-01
1.836371411665711495e+00,4.482896532591746502e-02,1.938596914699749207e-01,1.836371411665711495e+00,2.745061609535682234e-01,1.836371411665711495e+00,1.790935119664605613e-01,2.489638676882942048e-01,1.649443421368129048e+00,2.580869011080688669e-01,2.968962208335351183e-01,7.069623933975780483e-01,1.183770953245610436e+00,2.238485276348381792e+00,1.836371411665711495e+00,5.447214805068713028e-01
1.590205597629018586e+00,1.233910270207526361e-01,9.046360886836649073e-02,1.590205597629018586e+00,1.243475817988614285e+00,1.590205597629018586e+00,1.257974311656978594e-01,4.044946570194994373e-01,4.319703462819821649e-01,1.041192682057489716e+00,2.985365137765436105e-01,2.646095942299374615e-01,1.540285347891765522e+00,5.838203803626065280e-01,1.590205597629018586e+00,6.911186227915780966e-01
2.698006487306966239e+00,2.373382177301526508e-01,5.948846859007264065e-01,2.698006487306966239e+00,4.787014018483610744e-01,2.698006487306966239e+00,4.244955698555328838e-01,6.304293378461066633e-01,9.247476554820122097e-01,4.315389107922067979e-01,4.572482850724627346e-01,5.070787432935277561e-01,1.105754982304315570e+00,1.329582160819337000e+00,2.698006487306966239e+00,4.590392775588112428e-01
3.057288628399453145e+00,3.957346717551876725e-01,7.415149160025995556e-01,3.057288628399453145e+00,2.824356973318254416e-01,3.057288628399453145e+00,4.923787758548328064e-01,6.221359531227532713e-01,1.624541225364587005e+00,2.830124109068004046e-01,5.609591884832386688e-01,7.071615487135173295e-01,1.148591030849020589e+00,2.186663342570388746e+00,3.057288628399453145e+00,5.247784033709144147e-01
2.602615859825764488e+00,7.709188824975609089e-01,8.600263507865358870e-01,2.602615859825764488e+00,1.279041173483481453e+00,2.602615859825764488e+00,3.920441373294430432e-01,5.458309026047701851e-01,4.315913479460121716e-01,1.090614027701831912e+00,4.654738062872908477e-01,2.928590783734537628e-01,1.467392074387336764e+00,5.436318685307107712e-01,2.602615859825764488e+00,6.303923024371245187e-01
4.465886569094200453e+00,5.629927456584819190e+00,2.726383433109778931e+00,4.465886569094200453e+00,4.392762396438819050e-01,4.465886569094200453e+00,2.230245741011063654e+00,6.514806030789566105e-01,9.641040900301203198e-01,1.017807643063045830e+00,1.256176105046796110e+00,4.711121840650905335e-01,4.242810314588228993e-01,1.253742595448001929e+00,4.465886569094200453e+00,3.301613949465843079e-01
5.825104653978547375e+00,8.215307899075721565e+00,2.984912233145038396e+00,5.825104653978547375e+00,2.118403653563528111e-01,5.825104653978547375e+00,3.563585554443975401e+00,1.447291428300587768e+00,1.419818336162578909e+00,1.297171910648355686e+00,2.257825373888223908e+00,1.023784016750426407e+00,1.614379076182922701e-01,1.958296377078411643e+00,5.825104653978547375e+00,1.287962698809194562e+00
5.078348156899751942e+00,1.878439579856155506e+00,3.130295166873030333e+00,5.078348156899751942e+00,1.279492298326188604e-01,5.078348156899751942e+00,3.429638066856850909e+00,2.568315257804060447e+00,3.532239342359741463e-01,1.470986234005014603e+00,2.073145923459706275e+00,3.172167512201627737e+00,1.469366290343089854e-01,4.529463471465577373e-01,5.078348156899751942e+00,1.346964043162094837e+00
3.771604926034144434e+00,1.468925380649781509e+00,1.789024060537255156e+00,3.771604926034144434e+00,3.279881894874752679e-01,3.771604926034144434e+00,3.353124609278177903e+00,1.569574905619427474e+00,2.149584848513194923e-01,1.565207849727131117e+00,1.226928789680539644e+00,3.074895305238459997e+00,4.049621841890834739e-01,2.646066524069100034e-01,3.771604926034144434e+00,2.050168870912289776e-01
2.857216571088573964e+00,9.128374064184106018e-01,1.880031205964399321e+00,2.857216571088573964e+00,2.036421376757965029e-01,2.857216571088573964e+00,1.140702868838373574e+00,1.693482605767682170e+00,7.255603815631898046e-01,2.911684777272444125e-01,1.317767101626833526e+00,3.636516075494893863e-01,4.876808836381206214e-01,9.479935717438751075e-01,2.857216571088573964e+00,4.868006718112717901e-01
2.690413904653933042e+00,1.288645454752645803e+00,2.363921391386129667e+00,2.690413904653933042e+00,6.901831063581282955e-01,2.690413904653933042e+00,1.227659890370927931e+00,4.192084371635574347e-01,4.266843057573534437e-01,1.245011835406765188e+00,8.414303304278009099e-01,1.163139433135497836e+00,5.928308624117455405e-01,3.684723824165838657e-01,2.690413904653933042e+00,1.538873373041979298e-01
3.322216534087488515e+00,2.390778615522339834e+00,7.888379394626098273e-01,3.322216534087488515e+00,1.285474163020581706e+00,3.322216534087488515e+00,1.114207214268860158e+00,4.743653153389218446e-01,2.341950432587192932e+00,1.215543089264814247e+00,1.323863856394267291e+00,4.608462966607708711e-01,6.820630532735395546e-01,1.892318911802662429e+00,3.322216534087488515e+00,5.319326756677074108e-01
2.688035622827014137e+00,2.076170202475755289e-01,8.561568603545967049e-01,2.688035622827014137e+00,1.142040899931018982e+00,2.688035622827014137e+00,7.849336782917125666e-01,9.175841685175645246e-01,1.251706051301392675e+00,1.055393015797725598e+00,9.523224938273316953e-01,1.155107314668736285e+00,1.443808693005006472e+00,1.475535987978374486e+00,2.688035622827014137e+00,7.594653330438602135e-01
2.006958886174533330e+00,3.431329248244813224e-01,3.986304845298241917e-01,2.006958886174533330e+00,1.191983715842283464e+00,2.006958886174533330e+00,4.932480136535661863e-01,7.297540303968849118e-01,2.366623162471876984e+00,1.416718850615432901e+00,1.776304289031615413e+00,4.642165392430755433e-01,6.254003140254893456e-01,2.181888046508870360e+00,2.006958886174533330e+00,7.472995064287146771e-01
1.952867603410373576e+00,7.693713285346222286e-02,1.463079831717991885e-01,1.952867603410373576e+00,1.123863281969751160e+00,1.952867603410373576e+00,1.835276488308883680e+00,9.263187541966653171e-01,1.657794047038248397e+00,1.621381776854405432e+00,1.172637312849434732e+00,2.139600378874781494e+00,1.129047713089138538e+00,1.581085908138443408e+00,1.952867603410373576e+00,5.310783824356479776e-01
2.204146878139918275e+00,8.866294414785902411e-02,1.162047960355028775e-01,2.204146878139918275e+00,5.753818408276059060e+00,2.204146878139918275e+00,3.533427184205766292e-01,1.423933716635570335e+00,2.525523389967770704e+00,4.054210426130287814e+00,1.295837474944998791e+00,1.197326716334480290e+00,5.839443933135801679e+00,2.519282639789182987e+00,2.204146878139918275e+00,2.703359026661796616e+00
1.769993855689899309e+00,1.805935115655866730e-01,1.773482316890226396e-01,1.769993855689899309e+00,3.122181187271038549e+00,1.769993855689899309e+00,3.139562522699199110e-01,1.130394170571549450e+00,1.951209164042765565e+00,2.336479481868777963e+00,1.116894614102289518e+00,8.953531513772833295e-01,3.310633533524586003e+00,1.999140942259342912e+00,1.769993855689899309e+00,2.066057840907488341e+00
1.490694094307085882e+00,3.148970203631049625e-01,3.965769731726461744e-01,1.490694094307085882e+00,3.494724593940095048e+00,1.490694094307085882e+00,4.203345472472616029e-01,9.376500304579863387e-01,1.049076929793770541e+00,2.715245114695971296e+00,8.294116822084779406e-01,7.229962549087961543e-01,3.688446720477612129e+00,1.176949569874341295e+00,1.490694094307085882e+00,1.506605662577596094e+00
1.524057911806123933e+00,1.239887475059586297e+00,6.961058057253137754e-01,1.524057911806123933e+00,4.511092319737426970e-01,1.524057911806123933e+00,9.461403730853954475e-01,8.922690629296758935e-01,1.578952087796835269e+00,1.106286292970753760e+00,1.730853182327082074e+00,6.570285393248807004e-01,2.083254316118076932e-01,1.773131197207623577e+00,1.524057911806123933e+00,8.572709390966475329e-01
1.208409778160993708e+00,9.125520172562887056e-02,4.356221239159617231e-01,1.208409778160993708e+00,4.092375018783612761e-01,1.208409778160993708e+00,1.833661765464018822e+00,1.347766730273232572e+00,4.015839063453651159e-01,1.167535657344844324e+00,1.260615799827759620e+00,1.914148149729618442e+00,3.982887372717896501e-01,4.316409949509757427e-01,1.208409778160993708e+00,8.399233250563704622e-01
1.089866902934147008e+00,7.090470628667681907e-02,1.331143478569811467e-01,1.089866902934147008e+00,6.893405642254969434e-01,1.089866902934147008e+00,1.892662127369798108e+00,9.937422308791068470e-01,9.810774284970165127e-01,1.293256540373257213e+00,9.993438432120733683e-01,2.226447458244623867e+00,6.771188645899341996e-01,9.254713405447370089e-01,1.089866902934147008e+00,5.633142069444979638e-01
9.427692741676669819e-01,6.033723354673070638e-02,8.608111986000245575e-02,9.427692741676669819e-01,2.627002698979924222e+00,9.427692741676669819e-01,2.542745104400446210e-01,1.189206648383697162e+00,1.206691037838127478e+00,1.833232870987378860e+00,9.639476431425694214e-01,9.561172110556158676e-01,2.590961258141344370e+00,1.158635783386687157e+00,9.427692741676669819e-01,2.266588290594120370e+00
1.002070059330574470e+00,1.603312094928919518e-01,1.603312094928919518e-01,1.002070059330574470e+00,2.161264703964183020e+00,1.002070059330574470e+00,3.313511662853099726e-01,1.160797956728537361e+00,1.169348954568158128e+00,1.562694855190719601e+00,9.641250064172566248e-01,9.983289977757402456e-01,2.161264703964183020e+00,1.135144963209674840e+00,1.002070059330574470e+00,2.161264703964183020e+00
9.163362328645033861e-01,3.665344931458013877e-01,3.665344931458013877e-01,9.163362328645033861e-01,2.125900060245647705e+00,9.163362328645033861e-01,3.665344931458013877e-01,1.246217276695724463e+00,8.063758849207629531e-01,1.539444871212365618e+00,9.529896821790835304e-01,8.063758849207629531e-01,2.125900060245647705e+00,8.063758849207629531e-01,9.163362328645033861e-01,2.125900060245647705e+00
1.000000000000000000e+00,1.000000000000000000e+00,1.000000000000000000e+00,1.000000000000000000e+00,1.000000000000000000e+00,1.000000000000000000e+00,1.000000000000000000e+00,1.000000000000000000e+00,1.000000000000000000e+00,1.000000000000000000e+00,1.000000000000000000e+00,1.000000000000000000e+00,1.000000000000000000e+00,1.000000000000000000e+00,1.000000000000000000e+00,1.000000000000000000e+00
